phrase,author
"The journey of a thousand miles begins with a single step.",Lao Tzu
"Knowing yourself is the beginning of all wisdom.",Aristotle
"The only true wisdom is in knowing you know nothing.",Socrates
"It does not matter how slowly you go as long as you do not stop.",Confucius
"Waste no more time arguing about what a good man should be. Be one.",Marcus Aurelius
"We suffer more often in imagination than in reality.",Seneca
"He who has a why to live can bear almost any how.",Friedrich Nietzsche
"The best time to plant a tree was 20 years ago. The second best time is now.",Chinese proverb
"Simplicity is the ultimate sophistication.",Leonardo da Vinci
"No man ever steps in the same river twice, for it's not the same river and he's not the same man.",Heraclitus
"Well done is better than well said.",Benjamin Franklin
"Be kind, for everyone you meet is fighting a hard battle.",Ian Maclaren
"What we think, we become.",Buddha
"Fall seven times, stand up eight.",Japanese proverb
"Patience is bitter, but its fruit is sweet.",Jean-Jacques Rousseau
"Do what you can, with what you have, where you are.",Theodore Roosevelt
"Act as if what you do makes a difference. It does.",William James
"Life is really simple, but we insist on making it complicated.",Confucius
"The mind is everything. What you think you become.",Buddha
"Happiness depends upon ourselves.",Aristotle
